"2021-05-14T04:04:19.898057Z", 198427
"2021-05-14T04:04:19.898057Z", 198554
"2021-05-14T04:04:19.898057Z", 199063
"2021-05-14T04:04:19.898057Z", 199138
"2021-05-19T05:35:04.937869Z", 199163
"2021-05-19T19:42:48.924327Z", 199182
"2021-05-21T04:24:49.047167Z", 199381
"2021-05-22T06:13:07.414157Z", 199625
"2021-05-22T06:13:07.414157Z", 199862
"2021-05-22T06:13:07.414157Z", 200093
"2021-05-24T10:27:06.994197Z", 200326
"2021-05-25T20:30:56.115744Z", 200570
"2021-05-27T03:34:46.477304Z", 200798
"2021-05-28T06:18:49.818372Z", 201025
"2021-05-29T00:36:22.747671Z", 201258
"2021-05-29T00:36:22.747671Z", 201490
"2021-05-29T00:36:22.747671Z", 201721
"2021-05-29T00:36:22.747671Z", 201964
"2021-06-02T03:37:10.599625Z", 202205
"2021-06-02T17:15:33.896765Z", 202460
"2021-06-04T05:27:28.167681Z", 202704
"2021-06-04T19:26:18.350635Z", 202928
"2021-06-04T19:26:18.350635Z", 203164
"2021-06-04T19:26:18.350635Z", 203411
"2021-06-08T04:30:31.504517Z", 203641
"2021-06-08T11:14:27.296960Z", 203879
"2021-06-09T16:41:29.286406Z", 204128
"2021-06-11T01:36:34.810974Z", 204373
"2021-06-12T02:01:13.348617Z", 204585
"2021-06-12T02:01:13.348617Z", 204798
"2021-06-12T02:01:13.348617Z", 205032
"2021-06-14T20:29:21.780722Z", 205291
"2021-06-16T05:45:00.854188Z", 205536
"2021-06-17T04:16:16.172546Z", 205768
"2021-06-17T18:09:35.154645Z", 206024
"2021-06-17T18:09:35.154645Z", 206261
"2021-06-17T18:09:35.154645Z", 206502
"2021-06-17T18:09:35.154645Z", 206748
"2021-06-22T04:12:20.643505Z", 206998
"2021-06-23T04:18:38.811002Z", 207247
"2021-06-24T03:11:27.396783Z", 207473
"2021-06-25T04:40:37.526537Z", 207721
"2021-06-25T04:40:37.526537Z", 207982
"2021-06-25T04:40:37.526537Z", 208222
"2021-06-25T04:40:37.526537Z", 208457
"2021-06-25T04:40:37.526537Z", 208702
"2021-06-30T02:26:03.584410Z", 208938
"2021-07-01T02:06:25.751391Z", 209168
"2021-07-02T05:07:56.432182Z", 209410
"2021-07-02T05:07:56.432182Z", 209653
"2021-07-02T05:07:56.432182Z", 209897
"2021-07-05T02:34:04.531830Z", 210133
"2021-07-05T07:36:26.364726Z", 210381
"2021-07-07T00:52:31.058269Z", 210608
"2021-07-08T04:37:24.099732Z", 210851
"2021-07-09T05:30:00.040434Z", 211108
"2021-07-10T01:14:26.243113Z", 211338
"2021-07-10T01:14:26.243113Z", 211575
"2021-07-10T01:14:26.243113Z", 211825
"2021-07-12T19:57:21.588897Z", 212110
"2021-07-14T01:05:46.266360Z", 212373
"2021-07-15T03:41:24.438995Z", 212673
"2021-07-16T05:54:45.227769Z", 212995
"2021-07-16T19:39:51.953705Z", 213253
"2021-07-16T19:39:51.953705Z", 213519
"2021-07-16T19:39:51.953705Z", 213790
"2021-07-19T21:56:39.039932Z", 214062
"2021-07-21T03:41:17.109752Z", 214327
"2021-07-22T00:35:07.804778Z", 214630
"2021-07-22T00:35:07.804778Z", 214891
"2021-07-24T01:41:42.536637Z", 215147
"2021-07-24T01:41:42.536637Z", 215382
"2021-07-26T05:10:47.122254Z", 215617
"2021-07-26T05:10:47.122254Z", 215859
"2021-07-28T04:25:01.464828Z", 216093
"2021-07-30T11:37:06.271507Z", 216694
"2021-07-30T22:38:26.336295Z", 216797
"2021-07-30T22:38:26.336295Z", 217042
"2021-08-02T04:37:32.478671Z", 217267
"2021-08-02T21:44:15.607038Z", 217515
"2021-08-04T03:06:30.315085Z", 217729
"2021-08-04T23:55:15.876643Z", 217973
"2021-08-06T04:38:47.808692Z", 218194
"2021-08-06T21:15:23.025020Z", 218440
"2021-08-06T21:15:23.025020Z", 218673
"2021-08-06T21:15:23.025020Z", 218907
"2021-08-09T21:12:02.515856Z", 219154
"2021-08-09T21:12:02.515856Z", 219406
"2021-08-12T04:26:00.471960Z", 219655
"2021-08-13T05:40:43.758092Z", 219891
"2021-08-13T05:40:43.758092Z", 220121
"2021-08-13T05:40:43.758092Z", 220359
"2021-08-13T05:40:43.758092Z", 220588
"2021-08-17T03:41:38.452296Z", 220821
"2021-08-17T08:51:58.572134Z", 221040
"2021-08-18T18:28:54.465301Z", 221289
"2021-08-20T05:59:08.082813Z", 221516
"2021-08-21T00:32:24.107615Z", 221740
"2021-08-21T00:32:24.107615Z", 221979
"2021-08-21T00:32:24.107615Z", 222218
"2021-08-24T03:43:48.156517Z", 222460
"2021-08-25T05:08:34.560317Z", 222716
"2021-08-26T05:54:34.588109Z", 222958
"2021-08-27T00:18:59.754554Z", 223208
"2021-08-27T23:34:26.932992Z", 223440
"2021-08-27T23:34:26.932992Z", 223687
"2021-08-27T23:34:26.932992Z", 223921
"2021-08-31T01:15:51.940067Z", 224145
"2021-09-01T03:45:23.263561Z", 224387
"2021-09-02T04:50:03.898067Z", 224631
"2021-09-03T05:44:24.082802Z", 224869
"2021-09-04T02:28:01.658269Z", 225120
"2021-09-04T02:28:01.658269Z", 225356
"2021-09-04T02:28:01.658269Z", 225576
"2021-09-04T02:28:01.658269Z", 225804
"2021-09-07T17:17:02.656331Z", 226041
"2021-09-07T17:17:02.656331Z", 226282
"2021-09-09T15:15:34.116727Z", 226522
"2021-09-10T22:43:03.461368Z", 226743
"2021-09-10T22:43:03.461368Z", 226995
"2021-09-10T22:43:03.461368Z", 227230
"2021-09-14T04:21:09.276549Z", 227462
"2021-09-14T17:33:49.650226Z", 227708
"2021-09-16T05:13:38.409844Z", 227952
"2021-09-17T03:46:40.635994Z", 228209
"2021-09-17T03:46:40.635994Z", 228448
"2021-09-17T03:46:40.635994Z", 228545
"2021-09-17T03:46:40.635994Z", 228800
"2021-09-17T03:46:40.635994Z", 229073
"2021-09-21T21:40:42.468551Z", 229373
"2021-09-23T05:52:46.439172Z", 229636
"2021-09-24T04:32:46.215247Z", 229894
"2021-09-24T18:57:32.160244Z", 230103
"2021-09-24T18:57:32.160244Z", 230327
"2021-09-24T18:57:32.160244Z", 230575
"2021-09-28T00:11:25.765640Z", 230848
"2021-09-29T02:23:22.097169Z", 231090
"2021-09-30T00:28:13.717619Z", 231339
"2021-09-30T17:31:53.010408Z", 231593
"2021-10-01T20:30:14.632991Z", 231852
"2021-10-01T20:30:14.632991Z", 232109
"2021-10-01T20:30:14.632991Z", 232359
"2021-10-01T20:30:14.632991Z", 232616
"2021-10-05T23:47:49.349651Z", 232855
"2021-10-06T18:07:39.661594Z", 233067
"2021-10-06T18:07:39.661594Z", 233326
"2021-10-06T18:07:39.661594Z", 233603
"2021-10-06T18:07:39.661594Z", 233847
"2021-10-06T18:07:39.661594Z", 234107
"2021-10-11T18:49:18.638954Z", 234345
"2021-10-11T18:49:18.638954Z", 234590
"2021-10-14T09:51:07.774445Z", 234898
"2021-10-14T23:21:46.398279Z", 235021
"2021-10-14T23:21:46.398279Z", 235271
"2021-10-14T23:21:46.398279Z", 235523
"2021-10-14T23:21:46.398279Z", 235771
"2021-10-19T04:58:17.981692Z", 236003
"2021-10-19T17:19:39.454348Z", 237047
"2021-10-20T13:40:46.818383Z", 238084
"2021-10-22T03:01:41.115530Z", 239053
"2021-10-22T16:43:16.932288Z", 240093
"2021-10-22T16:43:16.932288Z", 241040
"2021-10-22T16:43:16.932288Z", 242029
"2021-10-26T03:27:29.544379Z", 243077
"2021-10-26T03:27:29.544379Z", 243765
"2021-10-27T17:44:04.392208Z", 244114
"2021-10-27T17:44:04.392208Z", 245146
"2021-10-30T01:06:08.612630Z", 246149
"2021-10-30T14:29:53.813360Z", 247185
"2021-10-30T14:29:53.813360Z", 248218
"2021-10-30T14:29:53.813360Z", 248949
"2021-11-03T03:15:40.517571Z", 249516
"2021-11-04T05:58:39.401363Z", 250566
"2021-11-05T02:47:12.111394Z", 251609
"2021-11-06T00:29:27.429266Z", 252625
"2021-11-06T00:29:27.429266Z", 253681
"2021-11-06T00:29:27.429266Z", 254738
"2021-11-09T05:44:12.782835Z", 255762
"2021-11-09T21:26:42.697130Z", 256838
"2021-11-11T03:42:01.163452Z", 257854
"2021-11-12T04:35:19.926592Z", 258656
"2021-11-12T08:34:41.334007Z", 258660
"2021-11-12T08:34:41.334007Z", 258660
"2021-11-12T08:34:41.334007Z", 258660
"2021-11-15T16:03:11.043521Z", 258662
"2021-11-17T02:40:31.036600Z", 258668
"2021-11-17T02:40:31.036600Z", 258668
"2021-11-18T16:19:28.842737Z", 258669
"2021-11-20T00:53:00.280834Z", 258675
"2021-11-20T00:53:00.280834Z", 258678
"2021-11-20T00:53:00.280834Z", 258678
"2021-11-20T00:53:00.280834Z", 258679
"2021-11-23T13:53:54.748862Z", 258684
"2021-11-23T13:53:54.748862Z", 258684
"2021-11-23T13:53:54.748862Z", 258684
"2021-11-26T09:01:26.530750Z", 258692
"2021-11-26T09:01:26.530750Z", 258692
"2021-11-26T09:01:26.530750Z", 258692
"2021-11-29T06:35:11.718478Z", 258698
"2021-11-30T13:08:45.062945Z", 258703
"2021-11-30T13:08:45.062945Z", 258703
"2021-12-03T02:56:36.548102Z", 258707
"2021-12-03T17:17:52.852528Z", 258715
"2021-12-03T17:17:52.852528Z", 258715
"2021-12-03T17:17:52.852528Z", 258715
"2021-12-07T05:36:53.946606Z", 258718
"2021-12-07T16:04:21.239976Z", 258721
"2021-12-07T16:04:21.239976Z", 258721
"2021-12-10T02:35:43.504461Z", 258723
"2021-12-10T02:35:43.504461Z", 258723
"2021-12-10T02:35:43.504461Z", 258723
"2021-12-10T02:35:43.504461Z", 258723
"2021-12-14T02:48:49.528442Z", 258726
"2021-12-14T15:41:58.808785Z", 258940
"2021-12-14T15:41:58.808785Z", 260736
"2021-12-16T18:12:04.264442Z", 261800
"2021-12-17T15:06:56.445625Z", 262860
"2021-12-17T15:06:56.445625Z", 263916
"2021-12-17T15:06:56.445625Z", 264972
"2021-12-17T15:06:56.445625Z", 265984
"2021-12-17T15:06:56.445625Z", 267040
"2021-12-17T15:06:56.445625Z", 267984
"2021-12-23T19:05:12.989750Z", 269044
"2021-12-23T19:05:12.989750Z", 270100
"2021-12-23T19:05:12.989750Z", 271156
"2021-12-23T19:05:12.989750Z", 272212
"2021-12-23T19:05:12.989750Z", 273268
"2021-12-23T19:05:12.989750Z", 274324
"2021-12-23T19:05:12.989750Z", 275380
"2021-12-23T19:05:12.989750Z", 276436
"2021-12-23T19:05:12.989750Z", 277492
"2021-12-23T19:05:12.989750Z", 278548
"2021-12-23T19:05:12.989750Z", 279604
"2021-12-23T19:05:12.989750Z", 280660
"2021-12-23T19:05:12.989750Z", 281716
"2022-01-06T05:08:33.680399Z", 282785
"2022-01-07T06:03:38.245399Z", 283857
"2022-01-07T07:47:50.144771Z", 284923
"2022-01-07T07:47:50.144771Z", 285979
"2022-01-10T06:01:38.549563Z", 287036
"2022-01-10T18:20:03.154241Z", 288103
"2022-01-10T18:20:03.154241Z", 289159
"2022-01-10T18:20:03.154241Z", 290171
"2022-01-14T03:46:15.522317Z", 291235
"2022-01-14T17:17:24.540014Z", 292295
"2022-01-14T17:17:24.540014Z", 293351
"2022-01-14T17:17:24.540014Z", 294407
"2022-01-18T05:33:34.115862Z", 295475
"2022-01-19T06:06:25.957403Z", 296545
"2022-01-20T03:49:31.107501Z", 297576
"2022-01-21T06:10:11.594741Z", 298651
"2022-01-22T02:28:50.295968Z", 299756
"2022-01-22T02:28:50.295968Z", 300836
"2022-01-22T02:28:50.295968Z", 301916
"2022-01-25T03:27:58.774702Z", 303005
"2022-01-25T12:38:52.291655Z", 304089
"2022-01-27T05:03:57.405992Z", 305177
"2022-01-28T04:36:34.925462Z", 306265
"2022-01-28T18:42:51.748655Z", 307086
"2022-01-28T18:42:51.748655Z", 308347
"2022-01-28T18:42:51.748655Z", 309427
"2022-02-01T00:28:57.672192Z", 310504
"2022-02-01T00:28:57.672192Z", 311584
"2022-02-01T00:28:57.672192Z", 312664
"2022-02-01T00:28:57.672192Z", 313744
"2022-02-01T00:28:57.672192Z", 314779
"2022-02-01T00:28:57.672192Z", 315859
"2022-02-01T00:28:57.672192Z", 316939
"2022-02-01T00:28:57.672192Z", 318019
"2022-02-09T03:47:00.523449Z", 319107
"2022-02-10T06:09:07.528794Z", 320007
"2022-02-11T03:53:26.661326Z", 321087
"2022-02-11T18:35:46.182356Z", 322175
"2022-02-11T18:35:46.182356Z", 323255
"2022-02-11T18:35:46.182356Z", 324335
"2022-02-15T06:08:45.953910Z", 325416
"2022-02-15T22:37:58.685469Z", 326508
"2022-02-15T22:37:58.685469Z", 327588
"2022-02-17T22:06:39.255537Z", 328668
"2022-02-18T23:30:26.108406Z", 329752
"2022-02-18T23:30:26.108406Z", 330787
"2022-02-18T23:30:26.108406Z", 331867
"2022-02-18T23:30:26.108406Z", 332947
"2022-02-23T04:25:15.116745Z", 334027
"2022-02-24T03:51:08.045827Z", 334972
"2022-02-25T01:39:43.415138Z", 334972
"2022-02-26T04:30:17.010396Z", 334974
"2022-02-26T22:13:31.835132Z", 334976
"2022-02-28T06:08:56.945448Z", 334976
"2022-03-01T06:25:19.539703Z", 334976
"2022-03-02T03:48:56.785844Z", 334976
"2022-03-03T04:56:54.866895Z", 334976
"2022-03-04T03:42:00.493724Z", 334976
"2022-03-05T05:22:02.648281Z", 334976
"2022-03-05T05:22:02.648281Z", 334976
"2022-03-05T05:22:02.648281Z", 335156
"2022-03-07T22:00:59.844081Z", 336236
"2022-03-08T13:38:02.652805Z", 337335
"2022-03-09T20:27:19.668265Z", 338440
"2022-03-11T05:37:22.567096Z", 339544
"2022-03-12T03:38:26.687395Z", 340602
"2022-03-12T03:38:26.687395Z", 341706
"2022-03-12T03:38:26.687395Z", 342810
"2022-03-14T18:33:36.764239Z", 343914
"2022-03-15T19:29:16.305836Z", 345018
"2022-03-16T19:43:14.728789Z", 346122
"2022-03-18T03:57:07.902025Z", 347226
"2022-03-18T21:55:14.611520Z", 348330
"2022-03-18T21:55:14.611520Z", 349434
"2022-03-18T21:55:14.611520Z", 350538
"2022-03-22T05:40:47.463295Z", 351655
"2022-03-22T23:41:13.765184Z", 352783
"2022-03-23T23:50:50.278161Z", 353911
"2022-03-25T03:12:43.833958Z", 355039
"2022-03-26T05:00:17.451232Z", 356074
"2022-03-26T17:56:59.610101Z", 357202
"2022-03-28T04:31:47.059784Z", 358332
"2022-03-28T23:18:05.825614Z", 359460
"2022-03-29T17:32:40.395607Z", 360601
"2022-03-31T05:43:12.817319Z", 361705
"2022-04-01T01:12:15.993097Z", 362713
"2022-04-02T02:12:36.952437Z", 363865
"2022-04-02T02:12:36.952437Z", 365017
"2022-04-02T02:12:36.952437Z", 366169
"2022-04-02T02:12:36.952437Z", 367321
"2022-04-02T02:12:36.952437Z", 368473
"2022-04-07T03:05:58.333370Z", 369625
"2022-04-08T04:17:15.238072Z", 370777
"2022-04-08T04:17:15.238072Z", 371929
"2022-04-08T04:17:15.238072Z", 373081
"2022-04-08T04:17:15.238072Z", 374233
"2022-04-12T05:43:01.355084Z", 375385
"2022-04-12T11:06:01.366101Z", 376537
"2022-04-14T05:13:59.058694Z", 377689
"2022-04-15T00:26:29.449861Z", 378793
"2022-04-15T21:20:18.577850Z", 379897
"2022-04-15T21:20:18.577850Z", 380998
"2022-04-15T21:20:18.577850Z", 382201
"2022-04-19T02:58:43.312274Z", 383353
"2022-04-19T19:14:08.263134Z", 384507
"2022-04-20T23:54:29.343433Z", 385563
"2022-04-22T05:54:59.228694Z", 386715
"2022-04-22T15:59:54.827893Z", 387867
"2022-04-23T15:44:48.702041Z", 389019
"2022-04-24T15:49:15.187482Z", 390123
"2022-04-26T03:44:31.341440Z", 391131
"2022-04-27T06:11:25.854145Z", 392187
"2022-04-27T22:19:33.321372Z", 393387
"2022-04-29T05:43:51.076788Z", 394491
"2022-04-30T00:07:06.058857Z", 395646
"2022-04-30T00:07:06.058857Z", 396750
"2022-04-30T00:07:06.058857Z", 397902
"2022-05-02T06:47:35.327619Z", 399029
"2022-05-04T00:48:45.960847Z", 400207
"2022-05-04T00:48:45.960847Z", 401187
"2022-05-05T22:43:00.108628Z", 402314
"2022-05-06T20:31:09.979222Z", 403343
"2022-05-06T20:31:09.979222Z", 404511
"2022-05-06T20:31:09.979222Z", 405744
"2022-05-09T18:47:53.823456Z", 406920
"2022-05-11T01:38:28.882068Z", 408096
"2022-05-12T03:29:12.812731Z", 409273
"2022-05-12T14:22:02.446926Z", 410470
"2022-05-14T01:57:28.272855Z", 411634
"2022-05-14T01:57:28.272855Z", 412858
"2022-05-16T04:25:21.817153Z", 414084
"2022-05-16T21:17:25.568416Z", 415308
"2022-05-18T00:18:27.617852Z", 416532
"2022-05-18T17:34:46.883079Z", 417757
"2022-05-19T22:57:44.629250Z", 418981
"2022-05-20T13:36:38.736579Z", 420054
"2022-05-20T13:36:38.736579Z", 421432
"2022-05-20T13:36:38.736579Z", 422656
"2022-05-23T19:13:53.030566Z", 423880
"2022-05-24T20:18:32.783585Z", 425104
"2022-05-26T05:13:28.505748Z", 426328
"2022-05-26T18:56:46.508215Z", 427503
"2022-05-27T18:07:26.624854Z", 428727
"2022-05-27T18:07:26.624854Z", 430002
"2022-05-30T05:50:40.788082Z", 431226
"2022-05-31T04:17:41.250824Z", 432450
"2022-05-31T22:09:54.157954Z", 433623
"2022-06-01T18:19:45.620804Z", 434847
"2022-06-01T18:19:45.620804Z", 436071
"2022-06-01T18:19:45.620804Z", 437295
"2022-06-01T18:19:45.620804Z", 438519
"2022-06-01T18:19:45.620804Z", 439744
"2022-06-06T16:17:00.719922Z", 440968
"2022-06-08T04:44:27.950173Z", 442192
"2022-06-09T05:58:50.299995Z", 443416
"2022-06-10T05:11:11.999327Z", 443824
"2022-06-10T22:07:49.560682Z", 443824
"2022-06-10T22:07:49.560682Z", 443824
"2022-06-10T22:07:49.560682Z", 443824
"2022-06-14T04:48:27.010239Z", 444742
"2022-06-14T18:33:54.173655Z", 444946
"2022-06-16T05:35:16.794063Z", 444946
"2022-06-16T17:39:35.606258Z", 445986
"2022-06-17T12:56:14.033735Z", 447186
"2022-06-17T12:56:14.033735Z", 448435
"2022-06-17T12:56:14.033735Z", 449688
"2022-06-21T02:42:49.075557Z", 450936
"2022-06-21T16:14:35.919589Z", 452184
"2022-06-23T04:40:59.303109Z", 453432
"2022-06-23T17:09:35.637662Z", 454683
"2022-06-24T09:45:24.989672Z", 455931
"2022-06-24T09:45:24.989672Z", 457179
"2022-06-24T09:45:24.989672Z", 458427
"2022-06-27T21:07:55.154234Z", 459675
"2022-06-28T21:13:24.501984Z", 460923
"2022-06-28T21:13:24.501984Z", 462171
"2022-06-30T19:59:50.776754Z", 462951
"2022-07-01T17:42:48.971366Z", 463939
"2022-07-01T17:42:48.971366Z", 465187
"2022-07-01T17:42:48.971366Z", 466123
"2022-07-01T17:42:48.971366Z", 467473
"2022-07-05T23:15:35.982474Z", 468736
"2022-07-06T22:39:12.08662Z", 470572
"2022-07-07T20:48:30.25735Z", 471868
"2022-07-09T05:36:17.668398Z", 473175
"2022-07-09T05:36:17.668398Z", 474495
"2022-07-09T05:36:17.668398Z", 475815
"2022-07-11T20:18:59.588018Z", 477135
"2022-07-13T03:19:23.201444Z", 478455
"2022-07-13T21:59:57.905426Z", 480105
"2022-07-15T01:25:00.497203Z", 481437
"2022-07-16T00:48:44.47572Z", 483341
"2022-07-16T00:48:44.47572Z", 484685
"2022-07-16T00:48:44.47572Z", 486029
"2022-07-19T00:56:22.506364Z", 487373
"2022-07-19T19:20:57.400937Z", 488773
"2022-07-20T21:44:50.964034Z", 490901
"2022-07-21T17:34:28.714111Z", 494037
"2022-07-22T16:40:49.720156Z", 496277
"2022-07-22T16:40:49.720156Z", 497565
"2022-07-22T16:40:49.720156Z", 498909
"2022-07-25T18:37:42.295396Z", 500253
"2022-07-27T05:51:38.902835Z", 501597
"2022-07-27T05:51:38.902835Z", 502941
"2022-07-29T02:46:35.789639Z", 504285
"2022-07-29T17:05:09.793821Z", 506749
"2022-07-29T17:05:09.793821Z", 508093
"2022-07-29T17:05:09.793821Z", 509437
"2022-08-02T05:26:24.260835Z", 510613
"2022-08-02T14:16:15.868692Z", 514645
"2022-08-03T22:16:51.39759Z", 518005
"2022-08-03T22:16:51.39759Z", 519349
"2022-08-03T22:16:51.39759Z", 520693
"2022-08-03T22:16:51.39759Z", 522037
"2022-08-08T03:54:47.510327Z", 523381
"2022-08-09T05:07:35.162142Z", 527024
"2022-08-09T18:18:20.245452Z", 531066
"2022-08-11T05:34:24.440481Z", 535049
"2022-08-11T17:32:58.887738Z", 539083
"2022-08-11T17:32:58.887738Z", 543115
"2022-08-11T17:32:58.887738Z", 547147
"2022-08-15T03:37:06.396418Z", 551181
"2022-08-15T08:51:21.619148Z", 555048
"2022-08-16T07:14:18.163844Z", 559081
"2022-08-18T04:45:26.262525Z", 563123
"2022-08-19T03:02:56.208992Z", 564834
"2022-08-19T17:33:14.530069Z", 566203
"2022-08-19T17:33:14.530069Z", 567571
"2022-08-19T17:33:14.530069Z", 568939
"2022-08-23T02:29:04.81978Z", 570310
"2022-08-23T17:05:58.691455Z", 571680
"2022-08-25T00:30:28.029483Z", 573056
"2022-08-26T02:57:33.719473Z", 574430
"2022-08-27T00:37:59.13476Z", 575800
"2022-08-27T00:37:59.13476Z", 577168
"2022-08-27T00:37:59.13476Z", 578536
"2022-08-29T23:06:22.698035Z", 579916
"2022-08-31T01:40:03.27153Z", 581292
"2022-08-31T22:49:32.384805Z", 582662
"2022-09-02T05:05:48.715928Z", 584042
"2022-09-02T05:05:48.715928Z", 585411
"2022-09-02T05:05:48.715928Z", 586866
"2022-09-02T05:05:48.715928Z", 588234
"2022-09-05T17:02:06.844135Z", 589611
"2022-09-06T17:57:07.155782Z", 590991
"2022-09-07T17:01:28.911221Z", 592378
"2022-09-09T05:18:53.439306Z", 593768
"2022-09-10T01:28:26.296786Z", 595150
"2022-09-10T01:28:26.296786Z", 596521
"2022-09-10T01:28:26.296786Z", 597889
"2022-09-13T04:18:45.957175Z", 599201
"2022-09-13T21:07:04.072939Z", 600590
"2022-09-14T20:26:43.132677Z", 601972
"2022-09-16T01:50:29.736071Z", 603346
"2022-09-16T18:18:47.75341Z", 604734
"2022-09-16T18:18:47.75341Z", 606102
"2022-09-16T18:18:47.75341Z", 607517
"2022-09-16T18:18:47.75341Z", 608885
"2022-09-21T00:40:19.423518Z", 610302
"2022-09-21T16:18:57.132941Z", 611670
"2022-09-22T17:58:23.052684Z", 613038
"2022-09-23T15:52:36.877512Z", 614406
"2022-09-23T15:52:36.877512Z", 615774
"2022-09-26T05:59:21.589258Z", 617142
"2022-09-26T21:29:08.1275Z", 618510
"2022-09-27T17:21:23.643101Z", 619878
"2022-09-27T17:21:23.643101Z", 621246
"2022-09-27T17:21:23.643101Z", 622557
"2022-10-01T04:07:52.929848Z", 623925
"2022-10-01T04:07:52.929848Z", 625295
"2022-10-01T04:07:52.929848Z", 626663
"2022-10-03T23:49:39.684327Z", 628031
"2022-10-03T23:49:39.684327Z", 629399
"2022-10-03T23:49:39.684327Z", 630800
"2022-10-03T23:49:39.684327Z", 632249
"2022-10-07T21:34:34.479055Z", 633803
"2022-10-07T21:34:34.479055Z", 635302
"2022-10-07T21:34:34.479055Z", 636834
"2022-10-07T21:34:34.479055Z", 638256
"2022-10-12T05:10:19.28981Z", 639624
"2022-10-12T14:51:05.191103Z", 640992
"2022-10-13T18:11:03.546083Z", 642360
"2022-10-14T09:44:02.884848Z", 643728
"2022-10-14T09:44:02.884848Z", 645096
"2022-10-14T09:44:02.884848Z", 646464
"2022-10-18T04:58:29.270924Z", 647933
"2022-10-19T05:03:48.577955Z", 649444
"2022-10-20T03:03:17.11252Z", 651133
"2022-10-20T23:01:56.671837Z", 652462
"2022-10-21T12:38:28.439814Z", 653858
"2022-10-21T12:38:28.439814Z", 655192
"2022-10-21T12:38:28.439814Z", 656584
"2022-10-24T12:31:06.219975Z", 657922
"2022-10-25T12:28:08.948855Z", 659324
"2022-10-27T05:31:07.91955Z", 660728
"2022-10-27T23:38:59.414349Z", 663253
"2022-10-28T21:26:06.018514Z", 664648
"2022-10-28T21:26:06.018514Z", 666040
"2022-10-28T21:26:06.018514Z", 667432
"2022-10-28T21:26:06.018514Z", 668824
"2022-10-28T21:26:06.018514Z", 670216
"2022-11-03T04:17:31.860153Z", 671612
"2022-11-03T04:17:31.860153Z", 673004
"2022-11-04T11:01:17.872466Z", 674400
"2022-11-04T11:01:17.872466Z", 675843
"2022-11-07T04:52:49.982261Z", 677239
"2022-11-07T17:29:10.671386Z", 678635
"2022-11-08T14:42:50.190326Z", 680031
"2022-11-08T14:42:50.190326Z", 681423
"2022-11-10T12:42:51.401861Z", 682759
"2022-11-11T13:52:54.892159Z", 684155
"2022-11-11T13:52:54.892159Z", 685547
"2022-11-14T04:36:29.554575Z", 686943
"2022-11-14T18:09:57.479745Z", 688339
"2022-11-15T20:14:49.539082Z", 689741
"2022-11-16T16:49:07.873953Z", 691086
"2022-11-17T11:01:40.776646Z", 692484
"2022-11-18T22:49:29.841623Z", 693884
"2022-11-18T22:49:29.841623Z", 695303
"2022-11-18T22:49:29.841623Z", 696637
"2022-11-22T04:58:39.133272Z", 698040
"2022-11-23T04:46:35.249829Z", 699446
"2022-11-23T04:46:35.249829Z", 700839
"2022-11-23T04:46:35.249829Z", 702232
"2022-11-23T04:46:35.249829Z", 703624
"2022-11-23T04:46:35.249829Z", 705016
"2022-11-23T04:46:35.249829Z", 706408
"2022-11-23T04:46:35.249829Z", 707800
"2022-11-30T04:21:51.31626Z", 709213
"2022-11-30T19:32:18.275914Z", 710613
"2022-12-02T00:48:41.88057Z", 712009
"2022-12-03T01:37:06.270283Z", 713413
"2022-12-03T01:37:06.270283Z", 714805
"2022-12-05T04:17:08.288812Z", 716201
"2022-12-06T04:01:04.975471Z", 717598
"2022-12-07T03:56:07.931561Z", 719008
"2022-12-07T23:07:28.343626Z", 720668
"2022-12-09T02:49:13.210664Z", 722063
"2022-12-10T03:29:21.689646Z", 723457
"2022-12-10T03:29:21.689646Z", 724849
"2022-12-10T03:29:21.689646Z", 726242
"2022-12-10T03:29:21.689646Z", 727634
"2022-12-13T17:26:09.051024Z", 729034
"2022-12-14T18:07:05.141297Z", 730427
"2022-12-16T04:40:20.960904Z", 731770
"2022-12-16T04:40:20.960904Z", 733162
"2022-12-16T04:40:20.960904Z", 734554
"2022-12-18T17:05:14.295534Z", 735954
"2022-12-20T05:14:59.600982Z", 737366
"2022-12-21T05:57:08.987492Z", 738745
"2022-12-21T05:57:08.987492Z", 740162
"2022-12-23T06:05:48.125387Z", 741530
"2022-12-24T04:51:09.801892Z", 742971
"2022-12-24T04:51:09.801892Z", 744411
"2022-12-24T04:51:09.801892Z", 745851
"2022-12-24T04:51:09.801892Z", 747291
"2022-12-24T04:51:09.801892Z", 748731
"2022-12-24T04:51:09.801892Z", 750171
"2022-12-24T04:51:09.801892Z", 751611
"2022-12-24T04:51:09.801892Z", 753051
"2022-12-31T19:48:37.811365Z", 754495
"2022-12-31T19:48:37.811365Z", 755935
"2022-12-31T19:48:37.811365Z", 757375
"2023-01-04T05:15:20.905874Z", 758817
"2023-01-05T04:47:55.55634Z", 760259
"2023-01-05T04:47:55.55634Z", 761702
"2023-01-07T05:31:07.890252Z", 763150
"2023-01-07T05:31:07.890252Z", 764590
"2023-01-07T05:31:07.890252Z", 766030
"2023-01-07T05:31:07.890252Z", 767470
"2023-01-11T04:50:18.201859Z", 768913
"2023-01-11T23:26:11.14397Z", 770360
"2023-01-13T04:44:02.844822Z", 771805
"2023-01-13T18:47:32.84732Z", 773253
"2023-01-13T18:47:32.84732Z", 774693
"2023-01-13T18:47:32.84732Z", 776134
"2023-01-16T14:56:52.399819Z", 777586
"2023-01-18T01:16:15.5053Z", 779029
"2023-01-18T19:29:41.458331Z", 780477
"2023-01-20T05:22:21.732959Z", 781931
"2023-01-20T20:30:46.167325Z", 784044
"2023-01-20T20:30:46.167325Z", 786384
"2023-01-20T20:30:46.167325Z", 788723
"2023-01-23T22:59:50.540242Z", 791127
"2023-01-23T22:59:50.540242Z", 793587
"2023-01-25T20:44:55.847627Z", 795802
"2023-01-25T20:44:55.847627Z", 798369
"2023-01-25T20:44:55.847627Z", 800769
"2023-01-25T20:44:55.847627Z", 802929
"2023-01-25T20:44:55.847627Z", 805313
"2023-01-25T20:44:55.847627Z", 807473
"2023-01-31T19:17:28.15815Z", 809755
"2023-01-31T19:17:28.15815Z", 812032
"2023-02-02T20:35:05.847583Z", 814322
"2023-02-03T11:19:47.819789Z", 816963
"2023-02-03T11:19:47.819789Z", 819123
"2023-02-03T11:19:47.819789Z", 821224
"2023-02-03T11:19:47.819789Z", 823731
"2023-02-07T13:53:02.535427Z", 826017
"2023-02-08T14:51:40.062297Z", 828404
"2023-02-09T22:32:11.303695Z", 830746
"2023-02-09T22:32:11.303695Z", 832786
"2023-02-09T22:32:11.303695Z", 834937
"2023-02-09T22:32:11.303695Z", 837219
"2023-02-13T22:41:38.148901Z", 839447
"2023-02-14T14:38:35.963144Z", 841906
"2023-02-15T22:21:27.179974Z", 843892
"2023-02-17T05:53:08.373396Z", 846302
"2023-02-17T23:31:39.223252Z", 848530
"2023-02-17T23:31:39.223252Z", 850631
"2023-02-17T23:31:39.223252Z", 852835
"2023-02-20T19:02:37.460886Z", 855195
"2023-02-21T23:19:52.256071Z", 857566
"2023-02-22T10:05:56.600115Z", 860008
"2023-02-22T10:05:56.600115Z", 862326
"2023-02-24T07:30:37.531389Z", 864646
"2023-02-24T07:30:37.531389Z", 866961
"2023-02-27T03:10:28.789597Z", 869037
"2023-02-27T18:22:12.118308Z", 871519
"2023-02-27T18:22:12.118308Z", 873776
"2023-03-02T05:24:10.135274Z", 875922
"2023-03-03T05:01:58.470438Z", 878297
"2023-03-03T10:13:53.288921Z", 880497
"2023-03-03T10:13:53.288921Z", 882815
"2023-03-03T10:13:53.288921Z", 885315
"2023-03-06T16:11:01.577125Z", 887516
"2023-03-07T20:31:03.271324Z", 889840
"2023-03-08T18:55:07.074352Z", 892107
"2023-03-10T04:51:56.938129Z", 894859
"2023-03-10T20:55:59.192746Z", 897640
"2023-03-10T20:55:59.192746Z", 900141
"2023-03-10T20:55:59.192746Z", 902642
"2023-03-10T20:55:59.192746Z", 904778
"2023-03-15T01:36:35.521334Z", 907102
"2023-03-15T17:00:38.404248Z", 909427
"2023-03-17T06:00:07.548789Z", 911632
"2023-03-17T12:50:38.310148Z", 913899
"2023-03-17T12:50:38.310148Z", 916156
"2023-03-17T12:50:38.310148Z", 918233
"2023-03-20T12:08:41.914362Z", 920658
"2023-03-22T06:11:43.123534Z", 922562
"2023-03-23T02:24:50.754235Z", 924707
"2023-03-24T02:42:33.56985Z", 926887
"2023-03-24T18:16:59.835798Z", 928997
"2023-03-24T18:16:59.835798Z", 931167
"2023-03-24T18:16:59.835798Z", 933389
"2023-03-24T18:16:59.835798Z", 935559
"2023-03-28T23:47:10.793439Z", 937979
"2023-03-30T04:14:05.966243Z", 940155
"2023-03-31T03:45:15.967085Z", 942603
"2023-03-31T21:50:28.262103Z", 944904
"2023-03-31T21:50:28.262103Z", 947201
"2023-03-31T21:50:28.262103Z", 949628
"2023-04-03T21:32:53.623601Z", 952514
"2023-04-04T19:56:04.839026Z", 955342
"2023-04-06T01:15:44.50183Z", 957966
"2023-04-07T05:46:23.771509Z", 960479
"2023-04-07T23:32:15.516473Z", 962974
"2023-04-07T23:32:15.516473Z", 965661
"2023-04-07T23:32:15.516473Z", 968285
"2023-04-11T04:22:15.771254Z", 970734
"2023-04-11T18:25:07.714391Z", 973190
"2023-04-13T05:00:36.376641Z", 975662
"2023-04-14T00:48:16.20128Z", 977817
"2023-04-15T01:45:26.956141Z", 979970
"2023-04-15T01:45:26.956141Z", 982625
"2023-04-15T01:45:26.956141Z", 985160
"2023-04-17T18:58:19.789325Z", 987734
"2023-04-19T02:17:25.163852Z", 990470
"2023-04-20T04:16:28.403458Z", 993272
"2023-04-20T23:11:13.534127Z", 996110
"2023-04-20T23:11:13.534127Z", 998880
"2023-04-23T03:37:06.585636Z", 1001593
"2023-04-23T03:37:06.585636Z", 1004101
"2023-04-25T03:54:21.142817Z", 1006748
"2023-04-26T04:08:59.50135Z", 1009573
"2023-04-26T18:55:53.087023Z", 1012560
"2023-04-28T02:41:21.915706Z", 1015268
"2023-04-28T13:09:07.14253Z", 1018173
"2023-04-28T13:09:07.14253Z", 1021639
"2023-04-28T13:09:07.14253Z", 1025119
"2023-04-28T13:09:07.14253Z", 1028212
"2023-05-02T19:58:17.42874Z", 1031240
"2023-05-04T01:04:08.669322Z", 1034281
"2023-05-05T04:36:55.510979Z", 1037125
"2023-05-05T23:26:07.027654Z", 1040165
"2023-05-05T23:26:07.027654Z", 1043069
"2023-05-07T15:26:22.329212Z", 1046042
"2023-05-09T01:02:35.181958Z", 1048829
"2023-05-10T00:13:46.471986Z", 1051677
"2023-05-10T22:19:16.265345Z", 1054455
"2023-05-12T03:43:21.992427Z", 1057302
"2023-05-12T16:50:40.372822Z", 1060454
"2023-05-12T16:50:40.372822Z", 1063226
"2023-05-15T03:15:21.165117Z", 1065934
"2023-05-16T06:06:10.750383Z", 1068842
"2023-05-16T19:35:39.751183Z", 1071481
"2023-05-18T05:54:41.166273Z", 1074001
"2023-05-19T03:08:50.542497Z", 1076921
"2023-05-19T20:27:33.169304Z", 1079635
"2023-05-19T20:27:33.169304Z", 1082209
"2023-05-22T03:48:07.031687Z", 1084853
"2023-05-23T04:24:50.410436Z", 1087709
"2023-05-24T05:25:58.442032Z", 1090311
"2023-05-25T05:50:47.775919Z", 1093104
"2023-05-26T02:45:16.896684Z", 1095996
"2023-05-26T22:43:00.4516Z", 1098783
"2023-05-26T22:43:00.4516Z", 1101794
"2023-05-26T22:43:00.4516Z", 1104866
"2023-05-29T08:46:11.177883Z", 1107997
"2023-05-30T22:16:14.981143Z", 1111130
"2023-06-01T04:16:46.240288Z", 1114130
"2023-06-02T02:26:37.270094Z", 1117394
"2023-06-02T22:19:28.190928Z", 1119986
"2023-06-02T22:19:28.190928Z", 1122354
"2023-06-02T22:19:28.190928Z", 1124938
"2023-06-06T03:20:05.995941Z", 1127598
"2023-06-07T04:30:48.869553Z", 1130333
"2023-06-08T05:54:24.547351Z", 1133316
"2023-06-08T22:38:16.880351Z", 1136558
"2023-06-09T14:10:21.634196Z", 1139596
"2023-06-09T14:10:21.634196Z", 1142559
"2023-06-09T14:10:21.634196Z", 1145784
"2023-06-13T03:47:31.311041Z", 1150031
"2023-06-14T04:21:27.069945Z", 1153483
"2023-06-15T01:21:52.359848Z", 1158399
"2023-06-16T03:02:05.925598Z", 1162924
"2023-06-16T23:15:29.111633Z", 1167449
"2023-06-16T23:15:29.111633Z", 1171651
"2023-06-16T23:15:29.111633Z", 1176084
"2023-06-19T14:23:21.972751Z", 1180209
"2023-06-21T03:29:05.304912Z", 1184268
"2023-06-22T00:00:53.786499Z", 1188479
"2023-06-22T23:30:11.434258Z", 1191946
"2023-06-23T19:23:17.577665Z", 1195940
"2023-06-23T19:23:17.577665Z", 1200480
"2023-06-23T19:23:17.577665Z", 1203680
"2023-06-27T02:42:26.623182Z", 1207301
"2023-06-28T04:22:47.191119Z", 1210525
"2023-06-29T03:12:27.22996Z", 1214544
"2023-06-30T03:02:34.411248Z", 1218121
"2023-06-30T11:32:04.035063Z", 1222506
"2023-06-30T11:32:04.035063Z", 1226734
"2023-06-30T11:32:04.035063Z", 1230455
"2023-07-04T02:55:14.068588Z", 1233951
"2023-07-05T04:27:43.778632Z", 1237066
"2023-07-06T05:07:44.846484Z", 1240794
"2023-07-06T20:28:50.398992Z", 1244615
"2023-07-07T22:54:01.83055Z", 1248467
"2023-07-07T22:54:01.83055Z", 1252398
"2023-07-07T22:54:01.83055Z", 1256376
"2023-07-10T15:57:58.319551Z", 1260197
"2023-07-12T03:42:02.876326Z", 1263143
"2023-07-13T05:17:07.894393Z", 1266488
"2023-07-14T04:00:08.880352Z", 1269638
"2023-07-14T18:35:58.056695Z", 1272755
