"2024-03-12T00:35:14.86756Z", 14075
"2024-03-13T01:17:44.713167Z", 14426
"2024-03-14T04:11:30.144533Z", 15231
"2024-03-15T01:19:59.954324Z", 15601
"2024-03-16T00:34:40.887838Z", 15972
"2024-03-17T01:03:19.700728Z", 16216
"2024-03-18T01:18:02.85957Z", 16424
"2024-03-19T01:06:48.666899Z", 16820
"2024-03-20T03:06:47.466527Z", 17214
"2024-03-21T02:48:06.264073Z", 17640
"2024-03-22T00:37:47.362655Z", 18262
"2024-03-23T01:12:12.267943Z", 18539
"2024-03-24T01:29:05.189559Z", 18654
"2024-03-25T00:47:31.439491Z", 18902
"2024-03-26T00:38:14.473309Z", 19486
"2024-03-27T03:39:52.545233Z", 20143
"2024-03-28T00:38:49.95695Z", 20829
"2024-03-29T06:08:07.886852Z", 21337
"2024-03-30T05:51:21.220751Z", 21533
"2024-03-31T01:28:54.889661Z", 21687
"2024-04-01T01:12:27.454983Z", 21845
"2024-04-02T00:34:29.774137Z", 22075
"2024-04-03T01:17:05.16582Z", 22435
"2024-04-04T00:43:14.190324Z", 22793
"2024-04-05T01:33:11.230631Z", 23285
"2024-04-05T18:22:19.634865Z", 23435
"2024-04-07T00:50:34.977824Z", 23602
"2024-04-08T00:53:08.459479Z", 23821
"2024-04-09T00:44:01.973276Z", 24157
"2024-04-10T02:35:25.918766Z", 24638
"2024-04-11T00:49:08.262746Z", 25027
"2024-04-12T02:54:18.532064Z", 25624
"2024-04-13T00:51:01.576894Z", 25812
"2024-04-14T01:30:18.492807Z", 25940
"2024-04-15T03:00:54.801316Z", 26122
"2024-04-16T00:33:02.23169Z", 26712
"2024-04-17T04:30:52.414626Z", 27018
"2024-04-18T00:32:23.561151Z", 27666
"2024-04-19T05:29:43.130324Z", 28652
"2024-04-20T01:15:35.812437Z", 28924
"2024-04-21T06:16:20.741933Z", 28992
"2024-04-22T00:58:48.579256Z", 29290
"2024-04-23T06:17:51.069913Z", 29672
"2024-04-24T00:34:03.353285Z", 29948
"2024-04-25T02:53:43.409392Z", 30421
"2024-04-26T06:15:42.462584Z", 30819
"2024-04-27T01:13:40.892037Z", 31095
"2024-04-28T01:21:17.064625Z", 31319
"2024-04-29T01:18:05.14416Z", 31630
"2024-04-30T02:58:54.0564Z", 32706
"2024-05-01T06:14:15.130179Z", 33518
"2024-05-02T03:13:28.813647Z", 35092
"2024-05-03T01:23:55.048775Z", 35740
"2024-05-04T00:32:48.672476Z", 36188
"2024-05-05T01:31:40.067927Z", 36367
"2024-05-06T03:24:48.218088Z", 36961
"2024-05-07T00:56:00.82313Z", 38167
"2024-05-08T00:44:58.662383Z", 38984
"2024-05-09T06:17:11.019688Z", 40048
"2024-05-10T00:35:43.01857Z", 41011
"2024-05-11T03:42:26.032058Z", 41835
"2024-05-12T01:28:52.669337Z", 42328
"2024-05-13T01:15:04.94899Z", 42798
"2024-05-14T00:42:10.243642Z", 43591
"2024-05-15T00:36:48.922413Z", 44989
"2024-05-16T03:49:51.220267Z", 46081
"2024-05-17T04:18:56.450092Z", 47147
"2024-05-18T00:34:17.68836Z", 47642
"2024-05-19T01:17:29.429111Z", 47877
"2024-05-20T02:44:45.416793Z", 48426
"2024-05-21T05:58:18.015076Z", 49577
"2024-05-22T05:06:45.405072Z", 50849
"2024-05-23T00:40:38.28353Z", 52157
"2024-05-24T06:17:10.81986Z", 53109
"2024-05-25T01:20:58.567746Z", 53606
"2024-05-26T01:29:02.212211Z", 53924
"2024-05-27T01:17:57.357899Z", 54583
"2024-05-28T01:22:14.937826Z", 55908
"2024-05-29T03:17:14.395056Z", 56859
"2024-05-30T00:45:06.255434Z", 57792
"2024-05-31T05:10:53.093473Z", 58927
"2024-06-01T01:27:35.814758Z", 59479
"2024-06-02T01:23:49.786523Z", 59927
"2024-06-03T01:22:13.447342Z", 60557
"2024-06-04T04:54:29.054059Z", 61408
"2024-06-05T03:45:08.777771Z", 62330
"2024-06-06T02:12:26.900358Z", 63409
"2024-06-07T00:35:06.212569Z", 64471
"2024-06-08T00:41:31.263621Z", 65120
"2024-06-09T01:21:45.852102Z", 65467
"2024-06-10T01:20:03.257856Z", 66013
"2024-06-11T00:34:44.928217Z", 66927
"2024-06-12T04:07:14.573587Z", 68007
"2024-06-13T00:33:45.134125Z", 69320
"2024-06-14T00:46:46.160163Z", 70545
"2024-06-15T01:03:44.169705Z", 71338
"2024-06-16T01:20:55.561147Z", 72001
"2024-06-17T01:18:47.653561Z", 72969
"2024-06-18T05:52:56.334992Z", 74091
"2024-06-19T00:47:00.918441Z", 75505
"2024-06-20T01:10:23.225988Z", 76496
"2024-06-21T01:10:43.333953Z", 77623
"2024-06-22T01:18:31.707978Z", 78251
"2024-06-23T01:17:01.381021Z", 78452
"2024-06-24T01:19:55.087979Z", 79069
"2024-06-25T01:21:48.827993Z", 80041
"2024-06-26T00:41:13.096831Z", 82122
"2024-06-27T01:07:21.847134Z", 83036
"2024-06-28T03:11:47.47047Z", 84020
"2024-06-29T00:49:11.422426Z", 84452
"2024-06-30T01:37:01.707843Z", 84726
"2024-07-01T02:46:08.792656Z", 85501
"2024-07-02T04:13:05.440746Z", 86421
"2024-07-03T01:24:08.993723Z", 87081
"2024-07-03T12:48:14.79489Z", 87796
"2024-07-05T01:35:14.984766Z", 88586
"2024-07-06T01:32:39.883294Z", 89200
"2024-07-07T01:30:03.392838Z", 89493
"2024-07-08T03:56:02.076221Z", 90391
"2024-07-09T06:06:41.281597Z", 91218
"2024-07-10T06:16:00.710718Z", 92115
"2024-07-11T03:45:37.086139Z", 92867
"2024-07-12T01:36:57.910799Z", 93963
"2024-07-13T01:13:34.737819Z", 94958
"2024-07-14T01:17:42.500195Z", 95321
"2024-07-15T01:30:15.671496Z", 95990
"2024-07-15T18:28:49.948063Z", 98116
"2024-07-15T18:28:49.948063Z", 98941
"2024-07-18T01:38:15.549225Z", 99840
"2024-07-19T04:34:06.981051Z", 101403
"2024-07-20T01:13:27.318897Z", 102263
"2024-07-21T01:35:25.169177Z", 103054
"2024-07-22T01:25:47.222308Z", 103969
"2024-07-23T00:38:51.848721Z", 105625
"2024-07-24T01:17:44.46895Z", 106552
"2024-07-25T01:21:41.777758Z", 107157
"2024-07-26T04:56:05.851308Z", 108195
"2024-07-27T00:41:26.495008Z", 108889
"2024-07-28T01:28:55.173749Z", 109064
"2024-07-29T01:55:08.28723Z", 109637
"2024-07-30T05:50:42.36996Z", 110578
"2024-07-31T00:43:01.947164Z", 111764
"2024-08-01T01:53:01.909998Z", 112331
"2024-08-02T01:25:44.565277Z", 113075
"2024-08-03T01:22:38.369Z", 113815
"2024-08-04T01:31:16.790931Z", 114425
"2024-08-05T04:10:28.0719Z", 115161
"2024-08-06T04:51:23.773077Z", 116397
"2024-08-07T01:05:44.429864Z", 117494
"2024-08-08T01:46:16.285108Z", 118582
"2024-08-09T00:42:59.071068Z", 119599
"2024-08-10T00:45:00.433979Z", 120199
"2024-08-11T01:48:59.816991Z", 120416
"2024-08-12T01:26:54.35778Z", 121121
"2024-08-13T01:18:27.275116Z", 122186
"2024-08-14T01:36:31.799062Z", 123951
"2024-08-15T01:54:57.907036Z", 125119
"2024-08-16T01:23:00.700775Z", 126122
"2024-08-17T01:23:13.558199Z", 126528
"2024-08-18T01:25:53.563023Z", 126725
"2024-08-18T18:20:51.165314Z", 127022
"2024-08-20T01:09:10.154943Z", 127378
"2024-08-21T01:17:15.744871Z", 127991
"2024-08-22T01:41:11.193197Z", 128639
"2024-08-23T00:47:32.303756Z", 129170
"2024-08-24T01:03:57.123773Z", 129590
"2024-08-25T01:26:48.94025Z", 129763
"2024-08-26T01:11:30.599203Z", 130033
"2024-08-27T00:39:54.172357Z", 130521
"2024-08-28T01:17:46.999978Z", 131083
"2024-08-29T00:42:02.309233Z", 131756
"2024-08-30T01:27:59.444582Z", 132338
"2024-08-31T01:19:49.621319Z", 132844
"2024-09-01T01:33:11.609704Z", 133003
"2024-09-02T01:22:14.565418Z", 133233
"2024-09-03T01:12:03.489756Z", 133595
"2024-09-04T00:39:46.723287Z", 134284
"2024-09-05T00:40:18.281624Z", 134864
"2024-09-06T00:58:11.664062Z", 135277
"2024-09-07T00:39:39.083525Z", 135525
"2024-09-08T01:02:46.546868Z", 135804
"2024-09-09T01:07:12.46417Z", 136103
"2024-09-10T01:41:48.993615Z", 136437
"2024-09-11T00:49:39.157934Z", 136751
"2024-09-12T02:12:54.966447Z", 137173
"2024-09-13T01:13:37.401592Z", 137652
"2024-09-14T00:42:29.471924Z", 138283
"2024-09-15T01:40:31.369795Z", 138731
"2024-09-16T01:18:42.825506Z", 139131
"2024-09-17T01:06:46.346297Z", 139470
"2024-09-18T01:21:11.512049Z", 139763
"2024-09-19T00:43:40.154287Z", 140288
"2024-09-20T02:00:30.519323Z", 140709
"2024-09-21T01:18:56.948919Z", 141036
"2024-09-22T01:22:26.176264Z", 141172
"2024-09-23T06:20:25.871317Z", 141334
"2024-09-24T00:40:32.697633Z", 141725
"2024-09-24T21:19:18.305779Z", 142094
"2024-09-26T00:45:19.055691Z", 142459
"2024-09-27T01:28:41.630799Z", 142871
"2024-09-28T00:46:15.346164Z", 143396
"2024-09-29T01:35:37.976407Z", 143584
"2024-09-30T01:14:10.71708Z", 143910
"2024-10-01T01:41:14.68552Z", 144310
"2024-10-02T01:20:37.652748Z", 144682
"2024-10-03T01:57:19.876217Z", 145023
"2024-10-04T01:33:24.195962Z", 145337
"2024-10-05T01:31:43.181242Z", 145587
"2024-10-06T01:17:18.001028Z", 145736
"2024-10-07T01:28:16.089517Z", 145922
"2024-10-08T03:54:50.801445Z", 146465
"2024-10-09T00:39:43.453326Z", 147195
"2024-10-10T01:25:43.828249Z", 147649
"2024-10-11T00:44:25.100517Z", 148116
"2024-10-12T01:29:25.371619Z", 148511
"2024-10-13T01:27:09.255884Z", 148716
"2024-10-14T01:20:57.472338Z", 148977
"2024-10-14T18:45:53.61026Z", 149369
"2024-10-16T00:41:53.667031Z", 149835
"2024-10-17T05:10:48.399178Z", 150349
"2024-10-18T00:50:57.364071Z", 150791
"2024-10-19T00:43:22.111688Z", 151177
"2024-10-20T01:38:06.044774Z", 151327
"2024-10-20T18:23:37.589231Z", 151541
"2024-10-22T06:12:58.583088Z", 152168
"2024-10-23T00:47:39.165706Z", 152666
"2024-10-24T01:05:35.467584Z", 153198
"2024-10-25T01:15:48.151548Z", 153514
"2024-10-26T01:16:49.041323Z", 153881
"2024-10-27T01:22:24.849803Z", 154052
"2024-10-28T01:08:16.244418Z", 154241
"2024-10-29T01:31:35.3648Z", 154660
"2024-10-30T04:29:54.159087Z", 155053
"2024-10-31T04:09:56.135601Z", 155646
"2024-11-01T03:13:33.756422Z", 156239
"2024-11-02T01:16:20.477064Z", 156623
"2024-11-03T01:27:40.358169Z", 156826
"2024-11-04T01:16:59.003075Z", 157070
"2024-11-05T00:55:39.444696Z", 157632
"2024-11-06T02:26:50.467845Z", 158135
"2024-11-07T04:15:40.004019Z", 158611
"2024-11-07T21:29:16.456516Z", 159050
"2024-11-09T01:30:54.183549Z", 159486
"2024-11-10T03:52:42.874334Z", 159859
"2024-11-11T03:28:17.876006Z", 160587
"2024-11-12T01:04:16.290574Z", 161140
"2024-11-13T01:23:03.291721Z", 161713
"2024-11-14T01:26:00.290397Z", 162237
"2024-11-15T06:26:14.174011Z", 162990
"2024-11-16T03:44:32.435176Z", 163897
"2024-11-17T01:23:50.087269Z", 164656
"2024-11-18T01:20:30.120137Z", 165472
"2024-11-19T05:15:55.154557Z", 166546
"2024-11-20T01:12:51.214978Z", 167740
"2024-11-21T06:07:22.026914Z", 168931
"2024-11-22T02:33:36.914158Z", 170049
"2024-11-23T01:15:41.568569Z", 170842
"2024-11-24T01:30:18.879498Z", 171596
"2024-11-25T01:19:10.776655Z", 172411
"2024-11-26T00:22:27.810579Z", 173703
"2024-11-26T21:29:35.572734Z", 174971
"2024-11-26T21:29:35.572734Z", 176213
"2024-11-26T21:29:35.572734Z", 177247
"2024-11-26T21:29:35.572734Z", 178193
"2024-11-26T21:29:35.572734Z", 179141
"2024-11-26T21:29:35.572734Z", 180358
"2024-12-02T21:36:19.994697Z", 181584
"2024-12-02T21:36:19.994697Z", 182899
"2024-12-04T22:41:27.638851Z", 184466
"2024-12-06T00:16:19.851027Z", 185992
"2024-12-06T23:13:55.939404Z", 187343
"2024-12-06T23:13:55.939404Z", 188554
"2024-12-06T23:13:55.939404Z", 189790
"2024-12-10T03:08:29.505722Z", 191375
"2024-12-10T19:50:22.640246Z", 192802
"2024-12-11T22:59:59.220667Z", 194273
"2024-12-12T18:59:11.020635Z", 195747
"2024-12-13T23:30:47.923236Z", 196393
"2024-12-13T23:30:47.923236Z", 196739
"2024-12-13T23:30:47.923236Z", 197147
"2024-12-16T19:52:50.050564Z", 197498
"2024-12-17T18:17:32.79497Z", 197722
"2024-12-19T02:22:21.447751Z", 197893
"2024-12-19T02:22:21.447751Z", 198213
"2024-12-21T00:22:20.363147Z", 198493
"2024-12-21T00:22:20.363147Z", 198580
"2024-12-21T00:22:20.363147Z", 198729
"2024-12-21T00:22:20.363147Z", 198960
"2024-12-24T23:22:14.225669Z", 199138
"2024-12-24T23:22:14.225669Z", 199256
"2024-12-24T23:22:14.225669Z", 199465
"2024-12-24T23:22:14.225669Z", 199630
"2024-12-24T23:22:14.225669Z", 199702
"2024-12-24T23:22:14.225669Z", 199852
"2024-12-31T03:23:45.596366Z", 200198
"2024-12-31T03:23:45.596366Z", 200326
"2024-12-31T03:23:45.596366Z", 200417
"2025-01-02T23:49:18.166615Z", 200727
"2025-01-03T22:40:06.053827Z", 200972
"2025-01-03T22:40:06.053827Z", 201073
"2025-01-03T22:40:06.053827Z", 201322
"2025-01-03T22:40:06.053827Z", 201732
"2025-01-07T21:24:08.46999Z", 202069
"2025-01-08T22:28:10.171252Z", 202549
"2025-01-09T21:50:49.951985Z", 202773
"2025-01-10T20:50:04.266675Z", 203051
"2025-01-10T20:50:04.266675Z", 203138
"2025-01-10T20:50:04.266675Z", 203273
"2025-01-10T20:50:04.266675Z", 203666
"2025-01-15T02:46:02.127701Z", 204063
"2025-01-15T02:46:02.127701Z", 204499
"2025-01-16T22:03:15.326197Z", 204871
"2025-01-17T18:33:02.232628Z", 205143
"2025-01-17T18:33:02.232628Z", 205234
"2025-01-17T18:33:02.232628Z", 205406
"2025-01-17T18:33:02.232628Z", 205847
"2025-01-17T18:33:02.232628Z", 206198
"2025-01-22T19:35:12.463142Z", 206701
"2025-01-24T01:02:41.518881Z", 207244
"2025-01-24T22:23:36.254851Z", 207534
"2025-01-24T22:23:36.254851Z", 207652
"2025-01-24T22:23:36.254851Z", 207772
"2025-01-28T00:02:04.772803Z", 208251
"2025-01-28T00:02:04.772803Z", 208747
"2025-01-30T06:19:37.355185Z", 209181
"2025-01-30T07:53:05.791943Z", 209496
"2025-01-30T07:53:05.791943Z", 209615
"2025-01-30T07:53:05.791943Z", 209682
"2025-01-30T07:53:05.791943Z", 209820
"2025-02-03T22:38:51.824008Z", 210222
"2025-02-03T22:38:51.824008Z", 210573
"2025-02-06T01:22:28.977329Z", 211320
"2025-02-06T18:14:04.258255Z", 211697
"2025-02-08T06:17:59.969867Z", 212226
"2025-02-08T06:17:59.969867Z", 212675
"2025-02-08T06:17:59.969867Z", 213086
"2025-02-10T21:13:15.69917Z", 213881
"2025-02-11T22:39:54.761386Z", 214482
"2025-02-12T21:50:38.904344Z", 214908
"2025-02-13T21:40:58.09264Z", 215338
"2025-02-14T21:10:03.855397Z", 215632
"2025-02-14T21:10:03.855397Z", 215730
"2025-02-14T21:10:03.855397Z", 215867
"2025-02-14T21:10:03.855397Z", 216166
"2025-02-18T18:12:57.124651Z", 216579
"2025-02-20T05:28:18.23337Z", 217135
"2025-02-21T05:06:23.155668Z", 217768
"2025-02-22T04:03:15.405887Z", 218379
"2025-02-23T03:34:41.62369Z", 218546
"2025-02-24T02:35:01.480491Z", 218765
"2025-02-24T21:16:26.350545Z", 219764
"2025-02-25T23:15:29.330995Z", 220543
"2025-02-26T18:53:11.490784Z", 221553
"2025-02-27T21:31:09.5779Z", 222274
"2025-02-28T23:21:58.7005Z", 222717
"2025-02-28T23:21:58.7005Z", 222799
